{"cameraMode":{"drawMode":0,"name":"Shaded","section":"Shading Mode"},"sceneLighting":true,"audioPlay":false,"sceneViewState":{"showFog":true,"showMaterialUpdate":false,"showSkybox":false,"showFlares":true,"showImageEffects":true,"showParticleSystems":true},"in2DMode":false,"pivot":{"x":0.15999984741210938,"y":0.880000114440918,"z":2.6499996185302736},"rotation":{"x":-0.02788074128329754,"y":0.2512674927711487,"z":-0.007240935228765011,"w":-0.9674890041351318},"size":4.001786231994629,"orthographic":false}